{"Ahuachapán Centro":[-89.89881888,13.91277123],"Ahuachapán Norte":[-89.7384547,13.98034573],"Ahuachapán Sur":[-90.0183694,13.77995634],"Cabañas Este":[-88.61345089,13.87853241],"Cabañas Oeste":[-88.8620532,13.86139441],"Chalatenango Centro":[-89.14687809,14.18142033],"Chalatenango Norte":[-89.16926159,14.33299208],"Chalatenango Sur":[-88.87429026,14.06633663],"Cuscatlán Norte":[-89.0598288,13.87558985],"Cuscatlán Sur":[-88.91817096,13.75202608],"La Libertad Centro":[-89.38572502,13.84533548],"La Libertad Costa":[-89.47935742,13.53572989],"La Libertad Este":[-89.26069085,13.59507656],"La Libertad Norte":[-89.28175161,13.89550638],"La Libertad Oeste":[-89.44756614,13.69444227],"La Libertad Sur":[-89.3436478,13.62739468],"La Paz Centro":[-88.97773031,13.47616577],"La Paz Este":[-88.87748708,13.44431686],"La Paz Oeste":[-89.09160679,13.4936285],"La Unión Norte":[-87.86036509,13.65045261],"La Unión Sur":[-87.95021503,13.36945534],"Morazán Norte":[-88.10993958,13.85972691],"Morazán Sur":[-88.11013771,13.69488955],"San Miguel Centro":[-88.16916121,13.38981295],"San Miguel Norte":[-88.38314562,13.73840189],"San Miguel Oeste":[-88.33182181,13.44731188],"San Salvador Centro":[-89.21172508,13.7108326],"San Salvador Este":[-89.09130637,13.75018835],"San Salvador Norte":[-89.20944733,13.94628429],"San Salvador Oeste":[-89.19331966,13.81954575],"San Salvador Sur":[-89.17558894,13.5704608],"San Vicente Norte":[-88.68114899,13.69654274],"San Vicente Sur":[-88.74628782,13.46288204],"Santa Ana Centro":[-89.55785068,13.95568228],"Santa Ana Este":[-89.48966679,13.88473749],"Santa Ana Norte":[-89.37352669,14.25131369],"Santa Ana Oeste":[-89.67678399,14.04600286],"Sonsonate Centro":[-89.71149045,13.65191603],"Sonsonate Este":[-89.59873319,13.67533493],"Sonsonate Norte":[-89.71773184,13.82611322],"Sonsonate Oeste":[-89.81555487,13.61249924],"Usulután Este":[-88.39100909,13.3149128],"Usulután Norte":[-88.5127132,13.55836535],"Usulután Oeste":[-88.61670024,13.34419584]}